Name,Grade,Nb Comment,Adress,Url
Centre Dentaire Paris 18 La Chapelle : Dentiste La Chapelle - Dentego,"3,3",(185),Dentiste · 4 Rue de la Chapelle,"https://www.google.fr/maps/search/dentiste+Paris+/@48.8585876,2.3026287,13z"
Avec mon dentiste à Paris 17 - RDV en ligne,"3,3",(73),Dentiste · 68 Rue Bayen,"https://www.google.fr/maps/search/dentiste+Paris+/@48.8585876,2.3026287,13z"
Dr Touitou Thierry dentiste Paris 4,"3,3",(18),Dentiste · 12-14 Rue Saint-Antoine,"https://www.google.fr/maps/search/dentiste+Paris+/@48.8585876,2.3026287,13z"
Docteur Joseph Derhy - Chirurgien-Dentiste - Implantologue et Parodontologue - Paris 17,"3,3",(15),Dentiste · 18-22 Bd Bessières,"https://www.google.fr/maps/search/dentiste+Paris+/@48.8585876,2.3026287,13z"
Dentiste Paris 8 Yves SAADA Implant dentaire Blanchiment dentaires Facettes,"3,3",(12),Dentiste · 18 Av. de Friedland,"https://www.google.fr/maps/search/dentiste+Paris+/@48.8585876,2.3026287,13z"
Centre Dentaire Paris 14 Porte d'Orléans : Dentiste Paris - Dentego,"3,4",(259),Dentiste · 111 Av. du Général Leclerc,"https://www.google.fr/maps/search/dentiste+Paris+/@48.8585876,2.3026287,13z"
Centre Dentaire Paris 13 Porte d’Italie : Dentiste Paris,"3,4",(255),Dentiste · 188 Av. d'Italie,"https://www.google.fr/maps/search/dentiste+Paris+/@48.8585876,2.3026287,13z"
Centre Dentaire Paris 4 Hôtel de Ville : Dentiste et Cabinet d'orthodontie Paris - Dentego,"3,5",(216),Dentiste · 23 Rue du Renard,"https://www.google.fr/maps/search/dentiste+Paris+/@48.8585876,2.3026287,13z"
Centre dentaire Paris 9 - Smile-only - Maubeuge,"3,5",(65),Dentiste · 35 Rue de Maubeuge,"https://www.google.fr/maps/search/dentiste+Paris+/@48.8585876,2.3026287,13z"
Cosem - Centre dentaire Magenta,"3,5",(413),Dentiste · 124 bis Bd de Magenta,"https://www.google.fr/maps/search/dentiste+Paris+/@48.8585876,2.3026287,13z"
Cabinet dentaire,"3,5",(36),Dentiste · 37 Rue Charcot,"https://www.google.fr/maps/search/dentiste+Paris+/@48.8585876,2.3026287,13z"
Centre Dentaire Montreuil : Dentiste Montreuil,"3,5",(104),Dentiste · 72 Rue de Paris,"https://www.google.fr/maps/search/dentiste+Paris+/@48.8585876,2.3026287,13z"
Centre Dentaire Paris 17 Champerret : Dentiste et Cabinet d'orthodontie Paris - Dentego,"3,6",(329),Dentiste · 60 Rue Laugier,"https://www.google.fr/maps/search/dentiste+Paris+/@48.8585876,2.3026287,13z"
Centre de Santé Dentaire Dugommier - Dentiste Paris 12,"3,6",(96),Dentiste · 250 Rue de Charenton,"https://www.google.fr/maps/search/dentiste+Paris+/@48.8585876,2.3026287,13z"
Centre Dentaire Paris 11 Voltaire : Dentiste et Cabinet d'orthodontie Paris - Dentego,"3,7",(283),Dentiste · 115 Bd Voltaire,"https://www.google.fr/maps/search/dentiste+Paris+/@48.8585876,2.3026287,13z"
Centre Dentaire - Paris 8 Saint Lazare - Dentiste - Dentalplan,"3,7",(160),Dentiste · 23 Rue de Rome,"https://www.google.fr/maps/search/dentiste+Paris+/@48.8585876,2.3026287,13z"
Centre Dentaire Paris 20 Petit Pelleport : Dentiste & Pédodontistes Paris - Dentego,"3,7",(73),Dentiste · 60 Rue Pelleport,"https://www.google.fr/maps/search/dentiste+Paris+/@48.8585876,2.3026287,13z"
Centre Dentaire Paris 19 - Urgence Dentaire - Orthodontie - Blanchiment Dentaire,"3,7",(107),Dentiste · 63 Rue Manin,"https://www.google.fr/maps/search/dentiste+Paris+/@48.8585876,2.3026287,13z"
Centre Dentaire Notre Dame de Lorette,"3,7",(89),Dentiste · 13 Pl. Kossuth,"https://www.google.fr/maps/search/dentiste+Paris+/@48.8585876,2.3026287,13z"
Dr HAAS - Dentiste Paris 9 75009,"3,7",(15),Dentiste · 11 Rue La Fayette,"https://www.google.fr/maps/search/dentiste+Paris+/@48.8585876,2.3026287,13z"
Centre Dentaire Barbès - Paris 18 : Dentiste Barbès - Dentego,"3,8",(295),Dentiste · 49 Bd Barbès,"https://www.google.fr/maps/search/dentiste+Paris+/@48.8585876,2.3026287,13z"
Centre Dentaire Paris 15 Lecourbe : Dentiste Paris - Dentego,"3,8",(122),Dentiste · 42 Rue Lecourbe,"https://www.google.fr/maps/search/dentiste+Paris+/@48.8585876,2.3026287,13z"
Avec mon dentiste à Paris 8 - RDV en ligne,"3,8",(12),Dentiste · 46 Rue de Londres,"https://www.google.fr/maps/search/dentiste+Paris+/@48.8585876,2.3026287,13z"
Dr Guerin Thierry,"3,8",(25),Dentiste · 25 Rue des Petits Hôtels,"https://www.google.fr/maps/search/dentiste+Paris+/@48.8585876,2.3026287,13z"
Dr Sophie BOYER,"3,8",(24),Dentiste · 93 Av. Ledru Rollin,"https://www.google.fr/maps/search/dentiste+Paris+/@48.8585876,2.3026287,13z"
Centre Dentaire Paris Opéra Pyramides,"3,9",(359),Dentiste · 13 Av. de l'Opéra,"https://www.google.fr/maps/search/dentiste+Paris+/@48.8585876,2.3026287,13z"
Place dentaire Saint Antoine - centre dentaire Paris - orthodontie,"3,9",(77),Dentiste · 238 bis Rue du Faubourg Saint-Antoine,"https://www.google.fr/maps/search/dentiste+Paris+/@48.8585876,2.3026287,13z"
Dr Marc Cohen - Dentiste Paris 9,"3,9",(100),Dentiste · 94 Rue Saint-Lazare,"https://www.google.fr/maps/search/dentiste+Paris+/@48.8585876,2.3026287,13z"
"Centre Dentaire - Paris 9e, Lafayette","3,9",(11),Dentiste · 41 Rue La Fayette,"https://www.google.fr/maps/search/dentiste+Paris+/@48.8585876,2.3026287,13z"
Centre Dentaire et d'Ophtalmologie Paris 18 Mairie - Dentylis,"3,9",(55),Dentiste · 2 Rue du Poteau,"https://www.google.fr/maps/search/dentiste+Paris+/@48.8585876,2.3026287,13z"
Centre Dentaire Paris 20 Grand Pelleport : Dentiste Paris - Dentego,"4,0",(248),Dentiste · 62 Rue Pelleport,"https://www.google.fr/maps/search/dentiste+Paris+/@48.8585876,2.3026287,13z"
Cabinet Dentaire George V - Urgence dentaire - Implant dentaire - Dentiste Paris 8,"4,0",(47),Cabinet dentaire · 45 Av. George V,"https://www.google.fr/maps/search/dentiste+Paris+/@48.8585876,2.3026287,13z"
Dr Fitoussi Jean-Charles - Dentiste Paris 12,"4,0",(32),Dentiste · 22 Rue Taine,"https://www.google.fr/maps/search/dentiste+Paris+/@48.8585876,2.3026287,13z"
Les Chirurgiens-Dentistes Paris République,"4,0",(27),Cabinet dentaire · 48 Rue de Malte,"https://www.google.fr/maps/search/dentiste+Paris+/@48.8585876,2.3026287,13z"
Docali Paris - Centre dentaire Belleville,"4,0",(309),Dentiste · 30 Bd de Belleville,"https://www.google.fr/maps/search/dentiste+Paris+/@48.8585876,2.3026287,13z"
Centre Dentaire - Paris 2 Opéra - Dentiste - Dentalplan,"4,0",(109),Dentiste · 26 Rue du 4 septembre,"https://www.google.fr/maps/search/dentiste+Paris+/@48.8585876,2.3026287,13z"
Dr Julia SATE,"4,0",(4),Dentiste · 41 Rue des Archives,"https://www.google.fr/maps/search/dentiste+Paris+/@48.8585876,2.3026287,13z"
Dr Fabien Mauro,"4,0",(132),Dentiste · 18 R. de Turbigo,"https://www.google.fr/maps/search/dentiste+Paris+/@48.8585876,2.3026287,13z"
Dr Jean-Michel Stroumza Dentiste Paris 8,"4,0",(13),Dentiste · 110 Rue La Boétie,"https://www.google.fr/maps/search/dentiste+Paris+/@48.8585876,2.3026287,13z"
Dr Joseph Derhy,"4,0",(4),Dentiste · 3 Av. Van Dyck,"https://www.google.fr/maps/search/dentiste+Paris+/@48.8585876,2.3026287,13z"
Centre Dentaire Paris 10 Gare du Nord : Dentiste et Cabinet d'orthodontie Paris - Dentego,"4,1",(202),Dentiste · 10 Rue de Valenciennes,"https://www.google.fr/maps/search/dentiste+Paris+/@48.8585876,2.3026287,13z"
Centre Dentaire Paris 16 Passy : Dentiste Paris - Dentego,"4,1",(84),Dentiste · 19 Rue de Passy,"https://www.google.fr/maps/search/dentiste+Paris+/@48.8585876,2.3026287,13z"
Dentiste Paris 13 Bismuth,"4,1",(123),Dentiste · 54 Rue de Tolbiac,"https://www.google.fr/maps/search/dentiste+Paris+/@48.8585876,2.3026287,13z"
Docteur Gabriel Wahnich,"4,1",(127),Dentiste · 83 Rue Jouffroy d'Abbans,"https://www.google.fr/maps/search/dentiste+Paris+/@48.8585876,2.3026287,13z"
Centre Dentaire Paris 20 Orteaux : Dentiste et Implantologue Paris,"4,2",(308),Dentiste · 46 Rue des Orteaux,"https://www.google.fr/maps/search/dentiste+Paris+/@48.8585876,2.3026287,13z"
Cabinet dentaire Paris Montparnasse,"4,2",(17),Cabinet dentaire · 5 Av. du Maine,"https://www.google.fr/maps/search/dentiste+Paris+/@48.8585876,2.3026287,13z"
Centre Dentaire - Paris 8 Hausmann - Dentiste - Dentalplan,"4,2",(30),Dentiste · 12 Rue de l'Isly,"https://www.google.fr/maps/search/dentiste+Paris+/@48.8585876,2.3026287,13z"
Centre dentaire Paris 5 Saint Michel Luxembourg :Dentistes - Dentylis,"4,2",(172),Dentiste · 105 Bd Saint-Michel,"https://www.google.fr/maps/search/dentiste+Paris+/@48.8585876,2.3026287,13z"
Centre Dentaire Paris 2 Grands Boulevards : Dentiste et Cabinet d'orthodontie Paris - Dentego,"4,3",(221),Dentiste · 13 Bd Montmartre,"https://www.google.fr/maps/search/dentiste+Paris+/@48.8585876,2.3026287,13z"
Clinique Dentaire Marcadet - Dentiste Paris 18 - Orthodontie invisible Invisalign - Implant dentaire,"4,3",(346),Dentiste · 243 Rue Marcadet,"https://www.google.fr/maps/search/dentiste+Paris+/@48.8585876,2.3026287,13z"
Centre Dentaire Paris 12 Gare de Lyon : Dentiste et Cabinet d'orthodontie Paris - Dentego,"4,3",(105),Dentiste · 5 Rue de Lyon,"https://www.google.fr/maps/search/dentiste+Paris+/@48.8585876,2.3026287,13z"
Centre dentaire et d'Ophtalmologie Paris 1 Turbigo Châtelet Les Halles - Dentylis,"4,3",(289),Dentiste · 7 R. de Turbigo,"https://www.google.fr/maps/search/dentiste+Paris+/@48.8585876,2.3026287,13z"
Dr Maud Panepucci,"4,3",(28),Dentiste · 36 Rue Lepic,"https://www.google.fr/maps/search/dentiste+Paris+/@48.8585876,2.3026287,13z"
Clinique dentaire La Fayette Dr Mbakam & Associés Dentiste Paris 10,"4,3",(47),Dentiste · 207 Rue La Fayette,"https://www.google.fr/maps/search/dentiste+Paris+/@48.8585876,2.3026287,13z"
Dentiste Paris 18 ème - Drs Schmuckler - Vantalon - Kaabar - Cornec -Kechekar - Kakiche,"4,4",(17),Dentiste · 14 Rue Ramey,"https://www.google.fr/maps/search/dentiste+Paris+/@48.8585876,2.3026287,13z"
Centre Médical et Dentaire Paris 10 MEDIDENT - Colonel Fabien,"4,4",(266),Dentiste · 6 Rue Albert Camus,"https://www.google.fr/maps/search/dentiste+Paris+/@48.8585876,2.3026287,13z"
Centre de santé dentaire et médical Paris 11 Richard Lenoir - Dentiste Paris,"4,4",(293),Dentiste · 48 Rue Saint-Sébastien,"https://www.google.fr/maps/search/dentiste+Paris+/@48.8585876,2.3026287,13z"
Centre Dentaire Pyrénées Maraichers Paris 20,"4,4",(425),Dentiste · 77 Rue des Pyrénées,"https://www.google.fr/maps/search/dentiste+Paris+/@48.8585876,2.3026287,13z"
Dr OBADIA Julien,"4,4",(28),Dentiste · 28 Rue de Rivoli,"https://www.google.fr/maps/search/dentiste+Paris+/@48.8585876,2.3026287,13z"
Dr Lascar Benjamin,"4,4",(23),Dentiste · 5 Pl. des Fêtes,"https://www.google.fr/maps/search/dentiste+Paris+/@48.8585876,2.3026287,13z"
Dentiste Paris 20 Espace Médico dentaire Charonne du Dr Olivier Maarek - Père-Lachaise Limite Paris 11 - Implant dentaire,"4,4",(25),Dentiste · 192 Boulevard de Charonne,"https://www.google.fr/maps/search/dentiste+Paris+/@48.8585876,2.3026287,13z"
Clinique Dentaire Notre Dame Des Champs,"4,4",(13),Dentiste · 76 Rue Notre Dame des Champs,"https://www.google.fr/maps/search/dentiste+Paris+/@48.8585876,2.3026287,13z"
Dr Leon Amzalag - Dentiste Paris 2 - Implant dentaire et soins esthétiques,"4,4",(45),Dentiste · 15 Rue Gaillon,"https://www.google.fr/maps/search/dentiste+Paris+/@48.8585876,2.3026287,13z"
Centre dentaire et Ophtalmologie Paris 10 Belleville - Dentylis,"4,4",(185),Dentiste · 137 Rue du Faubourg du Temple,"https://www.google.fr/maps/search/dentiste+Paris+/@48.8585876,2.3026287,13z"
Dr David Azria - Dentiste Paris 19 - Facettes dentaires - Implant et prothèse dentaire - Invisalign - Parodontie,"4,5",(208),Dentiste · 65 Rue d'Hautpoul,"https://www.google.fr/maps/search/dentiste+Paris+/@48.8585876,2.3026287,13z"
Dr Karine MERIDJEN - Dentiste Paris 4 - Invisalign,"4,5",(29),Dentiste · 8 Rue de Jarente,"https://www.google.fr/maps/search/dentiste+Paris+/@48.8585876,2.3026287,13z"
Centre Dentaire Paris 3 République Saint-Martin - Dentylis,"4,5",(96),Dentiste · 3 Bd Saint-Martin,"https://www.google.fr/maps/search/dentiste+Paris+/@48.8585876,2.3026287,13z"
Centre dentaire Paris 15 Grenelle : Dentistes - Dentylis,"4,5",(123),Dentiste · 42 Bd de Grenelle,"https://www.google.fr/maps/search/dentiste+Paris+/@48.8585876,2.3026287,13z"
Chirurgien Dentiste Paris 9 Dr Carole Ancona-Zalcberg,"4,5",(35),Dentiste · 82 Rue de Maubeuge,"https://www.google.fr/maps/search/dentiste+Paris+/@48.8585876,2.3026287,13z"
Dr Jérôme Weinman,"4,5",(140),Dentiste · 4 Rue de l'Arcade,"https://www.google.fr/maps/search/dentiste+Paris+/@48.8585876,2.3026287,13z"
Scm Capucines Dentaire,"4,6",(10),Dentiste · 14 Rue des Capucines,"https://www.google.fr/maps/search/dentiste+Paris+/@48.8585876,2.3026287,13z"
Dr Jacques Youssef Dentiste Paris 15 Implantologue,"4,6",(235),Dentiste · 26 bis Rue d'Alleray,"https://www.google.fr/maps/search/dentiste+Paris+/@48.8585876,2.3026287,13z"
"Clinadent - Centre Dentaire Paris 2, Louvre","4,6",(347),Dentiste · 33 Rue du Louvre,"https://www.google.fr/maps/search/dentiste+Paris+/@48.8585876,2.3026287,13z"
Clinadent - Centre dentaire Paris 16 Victor Hugo,"4,6",(545),Dentiste · 3 Pl. Victor Hugo,"https://www.google.fr/maps/search/dentiste+Paris+/@48.8585876,2.3026287,13z"
Centre Dentaire République Paris,"4,6",(559),Cabinet dentaire · 112 Av. de la République,"https://www.google.fr/maps/search/dentiste+Paris+/@48.8585876,2.3026287,13z"
CABINET DENTAIRE GAMBETTA,"4,6",(330),Cabinet dentaire · 2 Pl. Gambetta,"https://www.google.fr/maps/search/dentiste+Paris+/@48.8585876,2.3026287,13z"
Centre dentaire paris 16,"4,6",(46),Dentiste · 140 Av. Victor Hugo,"https://www.google.fr/maps/search/dentiste+Paris+/@48.8585876,2.3026287,13z"
Centre Dentaire Paris 15 Vaugirard - Dentylis,"4,6",(111),Dentiste · 237 Rue de Vaugirard,"https://www.google.fr/maps/search/dentiste+Paris+/@48.8585876,2.3026287,13z"
Docali Paris 20 - Centre dentaire Paris Davout,"4,6",(356),Dentiste · 103 Rue de Lagny,"https://www.google.fr/maps/search/dentiste+Paris+/@48.8585876,2.3026287,13z"
Dr Carel Nathalie,"4,6",(24),Dentiste · 12 Rue Chernoviz,"https://www.google.fr/maps/search/dentiste+Paris+/@48.8585876,2.3026287,13z"
Scm Capucines Dentaire,"4,6",(10),Dentiste · 14 Rue des Capucines,"https://www.google.fr/maps/search/dentiste+Paris+/@48.8585876,2.3026287,13z"
Dr Jonathan Revah - Dentiste Paris 15 - Facette Dentaire - Invisalign - Implant Dentaire,"4,6",(48),Dentiste · 103 Rue de l'Abbé Groult,"https://www.google.fr/maps/search/dentiste+Paris+/@48.8585876,2.3026287,13z"
"Centre dentaire - orthodontie à Paris 11, République - Nobel Santé +","4,6",(62),Dentiste · 13 Av. de la République,"https://www.google.fr/maps/search/dentiste+Paris+/@48.8585876,2.3026287,13z"
Dr CAO Nguyêt-Hân,"4,6",(11),Dentiste · 110 Rue de Montreuil,"https://www.google.fr/maps/search/dentiste+Paris+/@48.8585876,2.3026287,13z"
Dentiste Paris 16 Dr Sandy Cohen Implant dentaire Facettes Blanchiment Invisalign Parodontologie,"4,6",(151),Dentiste · 23 Av. Marceau,"https://www.google.fr/maps/search/dentiste+Paris+/@48.8585876,2.3026287,13z"
Place dentaire Barbès - centre dentaire Paris 18,"4,7",(263),Dentiste · 23 Bd Barbès,"https://www.google.fr/maps/search/dentiste+Paris+/@48.8585876,2.3026287,13z"
Dr. Orianne Houël,"4,7",(36),Dentiste · 4 Pl. Jacques Froment,"https://www.google.fr/maps/search/dentiste+Paris+/@48.8585876,2.3026287,13z"
Dr Pierre Bouchain - Dentiste,"4,7",(98),Dentiste · 71 Av. Franklin Delano Roosevelt,"https://www.google.fr/maps/search/dentiste+Paris+/@48.8585876,2.3026287,13z"
Dentiste Paris 17e - Dr COHEN JEAN MAURICE,"4,7",(109),Dentiste · 6 Rue Daubigny,"https://www.google.fr/maps/search/dentiste+Paris+/@48.8585876,2.3026287,13z"
Dr Jonathan Gucciardi - Dentiste Paris 6,"4,7",(188),Dentiste · 2 Pl. Saint-Sulpice,"https://www.google.fr/maps/search/dentiste+Paris+/@48.8585876,2.3026287,13z"
Elone Clinic,"4,7",(137),Dentiste · 83 Av. Foch,"https://www.google.fr/maps/search/dentiste+Paris+/@48.8585876,2.3026287,13z"
Dr. Ralph BADAOUI ✾ Dentiste Esthétique Paris,"4,7",(243),Dentiste · 8 Bd de la Madeleine,"https://www.google.fr/maps/search/dentiste+Paris+/@48.8585876,2.3026287,13z"
Chirurgien Dentiste Paris 17 - Cohen Guy,"4,7",(31),Dentiste · 3 Rue Théodore de Banville,"https://www.google.fr/maps/search/dentiste+Paris+/@48.8585876,2.3026287,13z"
Docteur Dan Rutbi - Dentiste Paris 6,"4,7",(116),Dentiste · 76 Rue Notre Dame des Champs,"https://www.google.fr/maps/search/dentiste+Paris+/@48.8585876,2.3026287,13z"
Dr Eric Sellam,"4,7",(26),Dentiste · 78 Rue Traversière,"https://www.google.fr/maps/search/dentiste+Paris+/@48.8585876,2.3026287,13z"
Dr Morgan Chicheportiche - Cabinet Dentaire Sèvres-Babylone - Dentiste Paris 7,"4,7",(14),Dentiste · 14 Rue Chomel,"https://www.google.fr/maps/search/dentiste+Paris+/@48.8585876,2.3026287,13z"
Paris Dental Studios - MARAIS,"4,8",(166),Cabinet dentaire · 28 Rue Meslay,"https://www.google.fr/maps/search/dentiste+Paris+/@48.8585876,2.3026287,13z"
Centre dentaire Paris 10 Lafayette - Dentylis,"4,8",(369),Dentiste · 108 Rue La Fayette,"https://www.google.fr/maps/search/dentiste+Paris+/@48.8585876,2.3026287,13z"
Centre Dentaire et Ophtalmologie Paris 12 Ledru Rollin - Allergologie -Dentylis,"4,8",(335),Dentiste · 79 Av. Ledru Rollin,"https://www.google.fr/maps/search/dentiste+Paris+/@48.8585876,2.3026287,13z"
Cabinet Dentaire de l'Avenue,"4,8",(344),Dentiste · 139 Av. de France,"https://www.google.fr/maps/search/dentiste+Paris+/@48.8585876,2.3026287,13z"
Drs P. Belorgey Dr D. Taieb,"4,8",(69),Dentiste · 58 Bd de Picpus,"https://www.google.fr/maps/search/dentiste+Paris+/@48.8585876,2.3026287,13z"
Dr. Pascal Touchard,"4,8",(44),Dentiste · 133 Av. Félix Faure,"https://www.google.fr/maps/search/dentiste+Paris+/@48.8585876,2.3026287,13z"
Dr Ludovic Ache - Dentiste à Paris (75016),"4,8",(87),Dentiste · 5 Rue de la Pompe,"https://www.google.fr/maps/search/dentiste+Paris+/@48.8585876,2.3026287,13z"
Dr Agathe ROBERDET,"4,8",(75),Dentiste · 15 Rue du Louvre,"https://www.google.fr/maps/search/dentiste+Paris+/@48.8585876,2.3026287,13z"
"Centre Dentaire & Orthodontie, Paris 10, Strasbourg Saint Denis - Nobel Santé +","4,8",(73),Dentiste · 24 Boulevard St Denis,"https://www.google.fr/maps/search/dentiste+Paris+/@48.8585876,2.3026287,13z"
Dr Laura Zeitoun Saal - Dentiste Paris 8 - Fluorose Dentaire,"4,8",(167),Dentiste · 45 Av. George V,"https://www.google.fr/maps/search/dentiste+Paris+/@48.8585876,2.3026287,13z"
Docteur Anas Roumani Dentiste Paris 2,"4,8",(36),Dentiste · 6 Rue Feydeau,"https://www.google.fr/maps/search/dentiste+Paris+/@48.8585876,2.3026287,13z"
Dr Thierry Rouach,"4,9",(73),Cabinet dentaire · 24 Rue du Rocher,"https://www.google.fr/maps/search/dentiste+Paris+/@48.8585876,2.3026287,13z"
Cabinet dentaire rue Saint Fargeau du Dr Bellahsen Chantal,"4,9",(7),Dentiste · 32 Rue Saint-Fargeau,"https://www.google.fr/maps/search/dentiste+Paris+/@48.8585876,2.3026287,13z"
Dentiste Paris 13 - Corinne Bendayan,"5,0",(23),Dentiste · 17 Rue Bobillot,"https://www.google.fr/maps/search/dentiste+Paris+/@48.8585876,2.3026287,13z"
Centre Dentaire Lafayette Paris 10,"5,0",(15),Dentiste · 231 bis Rue La Fayette,"https://www.google.fr/maps/search/dentiste+Paris+/@48.8585876,2.3026287,13z"
Cabinet Dentaire d'Alésia - Dentiste Paris 14,"5,0",(10),Dentiste · 79 Av. du Général Leclerc,"https://www.google.fr/maps/search/dentiste+Paris+/@48.8585876,2.3026287,13z"
Cabinet dentaire Rivoli - Drs Benguigui et Houbani,"5,0",(18),Dentiste · 20 Rue de Rivoli,"https://www.google.fr/maps/search/dentiste+Paris+/@48.8585876,2.3026287,13z"
Dr Anneliese Stollmaier - Dentiste Paris 8,"5,0",(17),Dentiste · 72 Rue du Rocher,"https://www.google.fr/maps/search/dentiste+Paris+/@48.8585876,2.3026287,13z"
Dr Georges NASR,"5,0",(8),Dentiste · 7 Rue Legraverend,"https://www.google.fr/maps/search/dentiste+Paris+/@48.8585876,2.3026287,13z"
Centre dentaire bourse lovely smile Dentiste Paris 2 Implant dentaire Invisalign,"5,0",(5),Dentiste · 3 Rue du 4 septembre,"https://www.google.fr/maps/search/dentiste+Paris+/@48.8585876,2.3026287,13z"
Dr Gaëlle Serfaty Grin - Dentiste Paris 8,"5,0",(35),Dentiste · 18 Rue Tronchet,"https://www.google.fr/maps/search/dentiste+Paris+/@48.8585876,2.3026287,13z"
"Dr Phœbé Kamioner, Chirurgien Dentiste à Paris 12 🦷","5,0",(27),Dentiste · 80 Av. Ledru Rollin,"https://www.google.fr/maps/search/dentiste+Paris+/@48.8585876,2.3026287,13z"
Dentiste Paris 18 Centre medico-dentaire Myrha Paris 18 eme,"5,0",(1),Dentiste · 22 Rue Myrha,"https://www.google.fr/maps/search/dentiste+Paris+/@48.8585876,2.3026287,13z"
Dr Hamitouche,"5,0",(44),Dentiste · 1bis Rue des Couronnes,"https://www.google.fr/maps/search/dentiste+Paris+/@48.8585876,2.3026287,13z"
